Slide #,Slide Mount Date,Subject,Slide Mount Notation,Scanned
5001,Jul-84,,,X
5002,Jul-84,,postcard,X
5003,Jul-84,,,X
5004,Jul-84,,,X
5005,Jul-84,,,X
5006,Jul-84,,,X
5007,Jul-84,,Flat garden,X
5008,Jul-84,,,X
5009,Jul-84,,,X
5010,Jul-84,,postcard,X
5011,Jul-84,,,X
5012,Jul-84,,,X
5013,Jul-84,,view of city.  Do not crop on right.  Postcard,X
5014,Jul-84,,,X
5015,Sep-84,,,X
5016,Sep-84,,"8""  x  2 1/4""",X
5017,Sep-84,,,X
5018,Sep-84,,,X
5019,Sep-84,,,X
5020,Sep-84,,,X
5021,Jan-85,,,X
5022,Jan-85,,,X
5023,Jan-85,,,X
5024,Jan-85,,,X
5025,Jan-85,,,X
5026,Nov-84,,,X
5027,Nov-84,,,X
5028,Nov-84,,,X
5029,Nov-84,,,X
5030,Nov-84,,,X
5031,Nov-84,,,X
5032,Nov-84,,,X
5033,Nov-84,,,X
5034,Nov-84,,,X
5035,Nov-84,,,X
5036,Nov-84,,,X
5037,Nov-84,,,X
5038,Nov-84,,,X
5039,Nov-84,,,X
5040,Nov-84,,,X
5041,Nov-84,,,X
5042,Nov-84,,,X
5043,Nov-84,,,X
5044,Jan-85,,,X
5045,Jan-85,,,X
5046,Jan-85,,,X
5047,Jan-85,,,X
5048,Jan-85,,,X
5049,Jan-85,,,X
5050,Jan-85,,,X
5051,Jan-85,,,X
5052,Jan-85,,,X
5053,Jan-85,,,X
5054,Jan-85,,,X
5055,Jan-85,,,X
5056,Jan-85,,,X
5057,Jan-85,,,X
5058,Jan-85,,,X
5059,Jan-85,,,X
5060,Jan-85,,,X
5061,Jan-85,,,X
5062,Jan-85,,,X
5063,Jan-85,,,X
5064,Jan-85,,,X
5065,Jan-85,,,X
5066,Jan-85,,,X
5067,Jan-85,,,X
5068,Jan-85,,,X
5069,Jan-85,,,X
5070,Jan-85,,,X
5071,Jan-85,,,X
5072,Jan-85,,,X
5073,Jan-85,,,X
5074,Jan-85,,,X
5075,Jan-85,,,X
5076,Jan-85,,,X
5077,Jan-85,,,X
5078,Jan-85,,,X
5079,Jan-85,,,X
5080,Jan-85,,,X
5081,Jan-85,,,X
5082,Jan-85,,,X
5083,Jan-85,,,X
5084,Jan-85,,,X
5085,Jan-85,,,X
5086,Jan-85,,,X
5087,Jan-85,,,X
5088,Jan-85,,,X
5089,Jan-85,,,X
5090,Jan-85,,,X
5091,Jan-85,,,X
5092,Jan-85,,,X
5093,Jan-85,,,X
5094,Feb-85,,,X
5095,Feb-85,,,X
5096,Feb-85,,,X
5097,Feb-85,,,X
5098,Feb-85,,,X
5099,Feb-85,Kichiro Saizo,Kiachi,X
5100,Feb-85,Kichiro Saizo,,X
5101,Feb-85,,,X
5102,Feb-85,,,X
5103,Feb-85,,,X
5104,Feb-85,,,X
5105,Feb-85,,,X
5106,Feb-85,,,X
5107,Feb-85,,,X
5108,Feb-85,,,X
5109,Feb-85,,,X
5110,Feb-85,,,X
5111,Feb-85,,,X
5112,Feb-85,,,X
5113,Feb-85,,,X
5114,Feb-85,,,X
5115,Feb-85,,,X
5116,Feb-85,,,X
5117,Feb-85,,,X
5118,Feb-85,,,X
5119,Feb-85,,,X
5120,Feb-85,,,X
5121,Feb-85,,,X
5122,Feb-85,,,X
5123,Feb-85,,,X
5124,Feb-85,,,X
5125,Feb-85,,,X
5126,Feb-85,,,X
5127,Feb-85,,,X
5128,Feb-85,,,X
5129,Feb-85,,good,X
5130,Feb-85,,,X
5131,Feb-85,,,X
5132,Feb-85,,,X
5133,Feb-85,,,X
5134,Feb-85,,,X
5135,Feb-85,,,X
5136,Feb-85,,,X
5137,Feb-85,,,X
5138,Feb-85,,,X
5139,Mar-85,,,X
5140,Mar-85,,,X
5141,Mar-85,,,X
5142,Mar-85,,,X
5143,Mar-85,,,X
5144,Mar-85,,,X
5145,Mar-85,,,X
5146,Mar-85,,,X
5147,Mar-85,,,X
5148,Mar-85,,,X
5149,Mar-85,,,X
5150,Mar-85,,,X
5151,Mar-85,,,X
5152,Mar-85,,,X
5153,Mar-85,,,X
5154,Mar-85,,,X
5155,Mar-85,,,X
5156,Mar-85,,,X
5157,Mar-85,,,X
5158,Mar-85,,,X
5159,Mar-85,,,X
5160,Mar-85,,,X
5161,Apr-85,,,X
5162,Apr-85,,,X
5163,Aug-85,,,X
5164,Aug-85,,,X
5165,Aug-85,,,X
5166,Aug-85,snow scenes in garden,,X
5167,Aug-85,snow scenes in garden,,X
5168,Aug-85,snow scenes in garden,,X
5169,Aug-85,snow scenes in garden,,X
5170,Aug-85,snow scenes in garden,,X
5171,Aug-85,snow scenes in garden,,X
5172,Aug-85,snow scenes in garden,,X
5173,Aug-85,snow scenes in garden,,X
5174,Aug-85,snow scenes in garden,,X
5175,Aug-85,snow scenes in garden,,X
5176,Aug-85,snow scenes in garden,,X
5177,Aug-85,snow scenes in garden,,X
5178,Aug-85,snow scenes in garden,,X
5179,Aug-85,snow scenes in garden,,X
5180,Aug-85,snow scenes in garden,,X
5181,Aug-85,snow scenes in garden,,X
5182,Aug-85,snow scenes in garden,,X
5183,Aug-85,snow scenes in garden,,X
5184,Aug-85,snow scenes in garden,,X
5185,Aug-85,snow scenes in garden,,X
5186,Aug-85,snow scenes in garden,,X
5187,Aug-85,snow scenes in garden,,X
5188,Aug-85,snow scenes in garden,,X
5189,Aug-85,snow scenes in garden,,X
5190,Aug-85,snow scenes in garden,,X
5191,Aug-85,snow scenes in garden,,X
5192,Aug-85,snow scenes in garden,,X
5193,Aug-85,snow scenes in garden,,X
5194,Aug-85,snow scenes in garden,,X
5195,Aug-85,snow scenes in garden,,X
5196,Aug-85,snow scenes in garden,,X
5197,Aug-85,snow scenes in garden,,X
5198,Aug-85,snow scenes in garden,,X
5199,Aug-85,snow scenes in garden,,X
5200,Aug-85,snow scenes in garden,,X
5201,Aug-85,snow scenes in garden,,X
5201+,Aug-85,snow scenes in garden,,X
5202,Aug-85,snow scenes in garden,,X
5202+,Aug-85,snow scenes in garden,,X
5203,Aug-85,snow scenes in garden,,X
5203+,Aug-85,snow scenes in garden,,X
5204,Aug-85,snow scenes in garden,,X
5204+,Aug-85,snow scenes in garden,,X
5205,Aug-85,snow scenes in garden,postcard,X
5205+,Aug-85,snow scenes in garden,,X
5206,Aug-85,snow scenes in garden,,X
5206+,Aug-85,snow scenes in garden,,X
5207,Aug-85,snow scenes in garden,,X
5207+,Aug-85,snow scenes in garden,,X
5208,Aug-85,snow scenes in garden,,X
5208+,Aug-85,snow scenes in garden,,X
5209,Aug-85,snow scenes in garden,,X
5209+,Aug-85,snow scenes in garden,,X
5210,Aug-85,snow scenes in garden,,X
5210+,Aug-85,snow scenes in garden,East side pavilion,X
5211,Aug-85,snow scenes in garden,,X
5211+,Aug-85,snow scenes in garden,,X
5212,Aug-85,,"Seattle Japanese garden     May, 85",X
5212+,Aug-85,snow scenes in garden,,X
5213,Aug-85,,"Seattle Japanese garden     May, 85",X
5213+,Aug-85,snow scenes in garden,,X
5214,Aug-85,,"Seattle Japanese garden     May, 85",X
5214+,Aug-85,snow scenes in garden,,X
5215,Aug-85,snow scenes in garden,,X
5215+,Aug-85,snow scenes in garden,,X
5216,Aug-85,snow scenes in garden,,X
5216+,Aug-85,snow scenes in garden,,X
5217,Aug-85,snow scenes in garden,,X
5217+,Aug-85,snow scenes in garden,,X
5218,Aug-85,snow scenes in garden,,X
5218+,Aug-85,snow scenes in garden,,X
5219,Aug-85,snow scenes in garden,,X
5219+,Aug-85,snow scenes in garden,,X
5220,Aug-85,snow scenes in garden,,X
5220+,Aug-85,snow scenes in garden,,X
5221,Sep-85,,original postcard,X
5222,Aug-85,,,X
5223,Aug-85,,,X
5224,Aug-85,,,X
5225,Aug-85,,,X
5226,Aug-85,,,X
5227,Aug-85,,,X
5228,Aug-85,,,X
5229,Aug-85,,,X
5230,Aug-85,,,X
5231,Aug-85,,,X
5232,Aug-85,,,X
5233,Aug-85,,,X
5234,Aug-85,,,X
5235,Aug-85,,,X
5236,Aug-85,,,X
5237,Aug-85,,,X
5238,Aug-85,,,X
5239,Aug-85,,,X
5240,Aug-85,,,X
5241,Aug-85,,,X
5242,Aug-85,,,X
5243,Aug-85,,,X
5244,Aug-85,,,X
5245,Aug-85,,,X
5246,Aug-85,,,X
5247,Aug-85,,,X
5248,Aug-85,,,X
5249,Aug-85,,,X
5250,Aug-85,,,X
5251,Aug-85,,,X
5252,Aug-85,,,X
5253,Aug-85,,,X
5254,Aug-85,,,X
5255,Aug-85,,,X
5256,Aug-85,,,X
5257,Aug-85,,,X
5258,Aug-85,,,X
5259,Aug-85,,,X
5260,Aug-85,,,X
5261,Aug-85,,,X
5262,Aug-85,,,X
5263,Aug-85,,,X
5264,Aug-85,,,X
5265,Aug-85,,,X
5266,Aug-85,,,X
5267,Aug-85,,,X
5268,Aug-85,,,X
5269,Apr-85,,,X
5270,Apr-85,,,X
5271,Apr-85,,,X
5272,Apr-85,,,X
5273,Oct-85,,,X
5274,Oct-85,,,X
5275,Oct-85,,,X
5276,Oct-85,,,X
5277,Oct-85,,,X
5278,Oct-85,,,X
5279,Oct-85,,,X
5280,Oct-85,,,X
5281,Oct-85,,,X
5282,Oct-85,,,X
5283,Oct-85,,,X
5284,Oct-85,,,X
5285,Oct-85,,,X
5286,Oct-85,,,X
5287,Oct-85,,,X
5288,Oct-85,,,X
5289,Oct-85,,,X
5290,Oct-85,,,X
5291,Oct-85,,,X
5292,Oct-85,,,X
5293,Oct-85,,,X
5294,Oct-85,,,X
5295,Oct-85,,,X
5296,Oct-85,,,X
5297,Oct-85,,,X
5298,Oct-85,,,X
5299,Oct-85,,,X
5300,Oct-85,,,X
5301,Oct-85,,,X
5302,Oct-85,,,X
5303,Oct-85,,,X
5304,Oct-85,,,X
5305,Oct-85,,,X
5306,Oct-85,,,X
5307,Oct-85,,,X
5308,Oct-85,,,X
5309,Oct-85,,,X
5310,Oct-85,,,X
5311,Oct-85,,,X
5312,Oct-85,,,X
5313,Oct-85,,,X
5314,Oct-85,,,X
5315,Oct-85,,,X
5316,Oct-85,,,X
5317,Oct-85,,,X
5318,Oct-85,,,X
5319,Oct-85,,,X
5320,Oct-85,,,X
5321,Oct-85,,,X
5322,Jan-86,,fall 85,X
5323,Jan-86,,,X
5324,Jan-86,,,X
5325,Jan-86,,,X
5326,Jan-86,,,X
5327,May-86,,,X
5328,Jan-86,,,X
5329,Jan-86,,postcard,X
5330,Jan-86,,,X
5331,Jan-86,,,X
5332,Jan-86,,,X
5333,Jan-86,,,X
5334,Jan-86,,,X
5335,Jan-86,,,X
5336,Jan-86,,,X
5337,Jan-86,,,X
5338,Jan-86,,,X
5339,Jan-86,,,X
5340,Jan-86,,,X
5341,Jan-86,,,X
5342,Jan-86,,,X
5343,Jan-86,,,X
5344,Jan-86,,,X
5345,Jan-86,,,X
5346,Jan-86,,,X
5347,Jan-86,,Sister city lantern from Sapporo,X
5348,Jan-86,,,X
5349,Jan-86,,,X
5350,Jan-86,,,X
5351,Jan-86,,,X
5352,Jan-86,,,X
5353,Jan-86,,,X
5354,Jan-86,,,X
5355,Jan-86,,,X
5356,Jan-86,,neg,X
5357,Jan-86,,,X
5358,Jan-86,,,X
5359,Jan-86,,,X
5360,Jan-86,,,X
5361,Jan-86,,,X
5362,Jan-86,,,X
5363,Jan-86,,,X
5364,Jan-86,,,X
5365,Jan-86,,,X
5366,Jan-86,,,X
5367,Jan-86,,,X
5368,Jan-86,,,X
5369,Jan-86,,,X
5370,Jan-86,,,X
5371,Jan-86,,,X
5372,Jan-86,,,X
5373,Jan-86,,,X
5374,Jan-86,,,X
5375,Jan-86,,,X
5376,Jan-86,,,X
5377,Jan-86,,,X
5378,Jan-86,,,X
5379,Jan-86,,,X
5380,Jan-86,,Strolling pond garden,X
5381,,,cover flyer 1992  Best one postcard,X
5382,Jan-85,,,X
5383,Jan-85,,,X
5384,Jan-86,,,X
5385,Jan-86,,,X
5386,Jan-86,,,X
5387,Jan-86,,,X
5388,Jan-86,,,X
5389,Jan-86,,,X
5390,Jan-86,,,X
5391,Jan-86,,,X
5392,Jan-86,,,X
5393,Jan-86,,,X
5394,Jan-86,,,X
5395,Jan-86,,,X
5396,Jan-86,,,X
5397,Jan-86,,,X
5398,Jan-86,,,X
5399,Jan-86,,,X
5400,Jan-86,,,X
5401,Jan-86,,,X
5402,Jan-86,,,X
5403,Jan-86,,,X
5404,Jan-86,,,X
5405,Jan-86,,,X
5406,Jan-86,,,X
5407,Jan-86,,,X
5408,Jan-86,,,X
5409,Jan-86,,,X
5410,Jan-86,,,X
5411,Jan-86,,Thanksgiving time,X
5412,Jan-86,,,X
5413,Jan-86,,,X
5414,Jan-86,,,X
5415,Jan-86,,,X
5416,Jan-86,,,X
5417,Jan-86,,,X
5418,Jan-86,,,X
5419,Jan-86,,,X
5420,Jan-86,,,X
5421,Jan-86,,,X
5422,Jan-86,,,X
5423,Jan-86,,,X
5424,Jan-86,,,X
5425,Jan-86,,,X
5426,Jan-86,,,X
5427,Jan-86,,,X
5428,Jan-86,,,X
5429,Jan-86,,,X
5430,Jan-86,,,X
5431,Jan-86,,,X
5432,Jan-86,,,X
5433,Jan-86,,,X
5434,Jan-86,,,X
5435,Jan-86,,,X
5436,Jan-86,,,X
5437,Jan-86,,,X
5438,Jan-86,,,X
5439,Jan-86,,,X
5440,Jan-86,,,X
5441,Jan-86,,,X
5442,Jan-86,,,X
5443,Jan-86,,,X
5444,Jan-86,,,X
5445,Jan-86,,,X
5446,Jan-86,,,X
5447,Jan-86,,,X
5448,Jan-86,,,X
5449,Jan-86,,,X
5450,Jan-86,,,X
5451,Jan-86,,,X
5452,Jan-86,,,X
5453,Jan-86,,,X
5454,Jan-86,,,X
5455,Jan-86,,,X
5456,Jan-86,,,X
5457,Jan-86,,,X
5458,Jan-86,,,X
5459,Jan-86,,"Dec., 1985",X
5460,Jan-86,,Jan. 1986,X
5461,Apr-86,,,X
5462,Apr-86,,,X
5463,Apr-86,,,X
5464,Apr-86,,,X
5465,Apr-86,,,X
5466,Apr-86,,,X
5467,Apr-86,,,X
5468,Apr-86,,,X
5469,Apr-86,,,X
5470,Apr-86,,,X
5471,Apr-86,,,X
5472,Apr-86,,,X
5473,Apr-86,,,X
5474,Mar-86,,,X
5475,Mar-86,,,X
5476,Mar-86,,,X
5477,Mar-86,,,X
5478,Mar-86,,,X
5479,Mar-86,,,X
5480,Mar-86,,,X
5481,Mar-86,,,X
5482,Mar-86,,,X
5483,Mar-86,,,X
5484,Mar-86,,,X
5485,Mar-86,,,X
5486,Mar-86,,,X
5487,Mar-86,,,X
5488,Mar-86,,,X
5489,Mar-86,,,X
5490,Mar-86,,,X
5491,Mar-86,,postcard,X
5492,Mar-86,,,X
5493,Mar-86,,,X
5494,Mar-86,,,X
5495,Mar-86,,,X
5496,Mar-86,,,X
5497,Mar-86,,,X
5498,Mar-86,,,X
5499,Mar-86,,,X
5500,Mar-86,,,X
5501,Mar-86,,,X
5502,Mar-86,,,X
5503,Mar-86,,,X
5504,Mar-86,,,X
5505,Mar-86,,,X
5506,Mar-86,,,X
5507,Mar-86,,Morison,X
5508,Mar-86,,,X
5509,Mar-86,,,X
5510,Mar-86,,,X
5511,Mar-86,,,X
5512,Apr-86,,,X
5513,Apr-86,,,X
5514,Apr-86,,,X
5515,Apr-86,,,X
5516,Apr-86,,,X
5517,Apr-86,,,X
5518,Apr-86,,,X
5519,Apr-86,,,X
5520,Apr-86,,,X
5521,Apr-86,,,X
5522,Apr-86,,,X
5523,Apr-86,,,X
5524,Apr-86,,,X
5525,Apr-86,,,X
5526,Apr-86,,,X
5527,Apr-86,,,X
5528,Apr-86,,upper pond,X
5529,Apr-86,,,X
5530,Apr-86,,,X
5531,Apr-86,,,X
5532,Apr-86,,,X
5533,Apr-86,,,X
5534,Apr-86,,,X
5535,Apr-86,,,X
5536,Apr-86,,,X
5537,Apr-86,,,X
5538,Apr-86,,,X
5539,Apr-86,,,X
5540,Apr-86,,,X
5541,Apr-86,,,X
5542,Apr-86,,,X
5543,Apr-86,,,X
5544,Apr-86,,,X
5545,Apr-86,,,X
5546,Apr-86,,,X
5547,Apr-86,,,X
5548,Apr-86,,,X
5549,Apr-86,,,X
5550,Apr-86,,,X
5551,Apr-86,,,X
5552,Apr-86,,,X
5553,Apr-86,,,X
5554,Apr-86,,,X
5555,Apr-86,,,X
5556,Apr-86,,,X
5557,May-86,,,X
5558,May-86,,,X
5559,May-86,,,X
5560,May-86,,,X
5561,May-86,,,X
5562,May-86,,,X
5563,May-86,,,X
5564,May-86,,,X
5565,May-86,,,X
5566,May-86,,,X
5567,May-86,,,X
5568,May-86,,,X
5569,May-86,,just a tourist,X
5570,May-86,,,X
5571,May-86,,,X
5572,May-86,,,X
5573,May-86,,,X
5574,May-86,,,X
5575,May-86,,,X
5576,May-86,,,X
5577,May-86,,,X
5578,May-86,,,X
5579,May-86,,,X
5580,May-86,,,X
5581,May-86,,,X
5582,May-86,,,X
5583,May-86,,,X
5584,May-86,,,X
5585,May-86,,,X
5586,May-86,,,X
5587,May-86,,,X
5588,May-86,,,X
5589,May-86,,,X
5590,May-86,,,X
5591,May-86,,,X
5592,May-86,,,X
5593,May-86,,,X
5594,May-86,,,X
5595,May-86,,,X
5596,May-86,,,X
5597,May-86,,,X
5598,May-86,,,X
5599,Aug-86,,Nipon Maru,X
5600,Aug-86,,,X
5601,Sep-89,,,X
5602,Sep-89,,,X
5603,,,,X
5604,Sep-89,,,X
5605,Sep-89,,,X
5606,Sep-89,garden ,"Marshall House, Vancouver, WA",X
5607,Sep-89,"Marshall House, Vancouver, WA",,X
5608,Sep-89,"Marshall House, Vancouver, WA",,X
5609,Sep-89,"Marshall House, Vancouver, WA",,X
5610,Sep-89,"Marshall House, Vancouver, WA",,X
5611,Sep-89,"Marshall House, Vancouver, WA",,X
5612,Sep-89,,,X
5613,Sep-89,,,X
5614,Sep-89,,,X
5615,Sep-89,,,X
5616,Sep-89,,,X
5617,Sep-89,,,X
5618,Sep-89,,,X
5619,Sep-89,,,X
5620,Sep-89,,,X
5621,Sep-89,,,X
5622,Sep-89,,,X
5623,Sep-89,,,X
5624,Sep-89,,,X
5625,Sep-89,,,X
5626,Sep-89,,,X
5627,Sep-89,,,X
5628,Sep-89,,,X
5629,Sep-89,,,X
5630,Sep-89,,,X
5631,Sep-89,,,X
5632,Sep-89,,,X
5633,Sep-89,,,X
5634,Sep-89,,,X
5635,Sep-89,,,X
5636,Sep-89,,,X
5637,Sep-89,,,X
5638,Sep-89,,,X
5639,Mar-87,,,X
5640,Mar-87,,f11    9 sec.,X
5641,Mar-87,,,X
5642,Mar-87,,#1 of city,X
5643,Mar-87,,,X
5644,Mar-87,,#3 of nine,X
5645,Mar-87,,,X
5646,Mar-87,,,X
5647,Mar-87,,,X
5648,Mar-87,,,X
5649,Mar-87,,,X
5650,Mar-87,,,X
5651,Mar-87,,,X
5652,Mar-87,,,X
5653,Mar-87,,,X
5654,Mar-87,,,X
5655,Mar-87,,,X
5656,Mar-87,,,X
5657,Mar-87,,,X
5658,Mar-87,,,X
5659,Mar-87,,,X
5660,Mar-87,,,X
5661,Mar-87,,,X
5662,Mar-87,,,X
5663,Mar-87,,,X
5664,Mar-87,,,X
5665,Mar-87,,,X
5666,Mar-87,,,X
5667,Mar-87,,,X
5668,Mar-87,,,X
5669,Mar-87,,,X
5670,Mar-87,,,X
5671,Mar-87,,,X
5672,Mar-87,,,X
5673,Mar-87,,,X
5674,Mar-87,,,X
5675,Mar-87,,,X
5676,Mar-87,,,X
5677,Mar-87,,,X
5678,Mar-87,,,X
5679,Mar-87,,,X
5680,Mar-87,,,X
5681,Mar-87,,,X
5682,Mar-87,,,X
5683,Mar-87,,,X
5684,Mar-87,,,X
5685,Mar-87,,,X
5686,Mar-87,,,X
5687,Mar-87,,,X
5688,Mar-87,,,X
5689,Mar-87,,,X
5690,Mar-87,,,X
5691,Mar-87,,,X
5692,Mar-87,,,X
5693,Mar-87,,,X
5694,Mar-87,,,X
5695,Mar-87,,,X
5696,Mar-87,,,X
5697,Mar-87,,,X
5698,Mar-87,,,X
5699,Mar-87,,city,X
5700,Mar-87,,city fog,X
5701,Mar-87,,,X
5702,Mar-87,,,X
5703,Mar-87,,,X
5704,Mar-87,,front edge       big doors,X
5705,Mar-87,,,X
5706,Mar-87,,,X
5707,Mar-87,,,X
5708,Mar-87,,,X
5709,Mar-87,,,X
5710,Mar-87,,,X
5711,Mar-87,,fog,X
5712,Mar-87,,,X
5713,Mar-87,,,X
5714,Mar-87,,,X
5715,Mar-87,,,X
5716,Mar-87,,fog maple,X
5717,Mar-87,,,X
5718,Mar-87,,,X
5719,Mar-87,,,X
5720,Mar-87,,,X
5721,Mar-87,,,X
5722,Mar-87,,,X
5723,Mar-87,,,X
5724,Mar-87,,,X
5725,Mar-87,,,X
5726,Mar-87,,,X
5727,Mar-87,,,X
5728,Mar-87,,,X
5729,Mar-87,,,X
5730,Mar-87,,,X
5731,Mar-87,,,X
5732,Aug-87,,,X
5733,Aug-87,,,X
5734,Aug-87,,,X
5735,Aug-87,,detail,X
5736,Aug-87,,,X
5737,Aug-87,,,X
5738,Aug-87,,,X
5739,Aug-87,,,X
5740,Aug-87,,,X
5741,Aug-87,,,X
5742,Aug-87,,,X
5743,Aug-87,,,X
5744,Aug-87,,XXX,X
5745,Aug-87,,,X
5746,Aug-87,,,X
5747,Aug-87,,,X
5748,Aug-87,,,X
5749,Aug-87,,,X
5750,Aug-87,,poetry stone,X
5751,Aug-87,,,X
5752,Apr-04,,,X
5753,Aug-87,,,X
5754,Aug-87,,,X
5755,Aug-87,,,X
5756,Aug-87,,,X
5757,Aug-87,,,X
5758,Aug-87,,,X
5759,Aug-87,,,X
5760,Aug-87,,,X
5761,Aug-87,,,X
5762,Aug-87,,,X
5763,Aug-87,,,X
5764,Aug-87,,,X
5765,Aug-87,,,X
5766,Aug-87,,,X
5767,Aug-87,,San Francisco Golden Gate park Japanese Garden,
5768,Aug-87,San Francisco Golden Gate park Japanese Garden,,
5769,Aug-87,San Francisco Golden Gate park Japanese Garden,,
5770,Aug-87,San Francisco Golden Gate park Japanese Garden,,
5771,Aug-87,San Francisco Golden Gate park Japanese Garden,,
5772,Aug-87,San Francisco Golden Gate park Japanese Garden,,
5773,Aug-87,San Francisco Golden Gate park Japanese Garden,,
5774,Aug-87,San Francisco Golden Gate park Japanese Garden,,
5775,Aug-87,San Francisco Golden Gate park Japanese Garden,,
5776,Aug-87,San Francisco Golden Gate park Japanese Garden,,
5777,Aug-87,San Francisco Golden Gate park Japanese Garden,,
5778,Aug-87,San Francisco Golden Gate park Japanese Garden,,
5779,Aug-87,San Francisco Golden Gate park Japanese Garden,,
5780,Aug-87,San Francisco Golden Gate park Japanese Garden,,
5781,Aug-87,San Francisco Golden Gate park Japanese Garden,,
5782,Aug-87,San Francisco Golden Gate park Japanese Garden,,
5783,Aug-87,San Francisco Golden Gate park Japanese Garden,,
5784,Aug-87,San Francisco Golden Gate park Japanese Garden,,
5785,Oct-87,"new garden house, antique car",,X
5786,Oct-87,"new garden house, antique car",,X
5787,Oct-87,"new garden house, antique car",,X
5788,Oct-87,new garden house ,,X
5789,Sep-87,new garden house ,,X
5790,Oct-87,,"Hayward, CA",
5791,Oct-87,"Hayward, CA   ?",,
5792,Oct-87,"Hayward, CA   ?",,
5793,Oct-87,"Hayward, CA   ?",,
5794,Oct-87,"Hayward, CA   ?",,
5795,Oct-87,"Hayward, CA   ?",,
5796,Oct-87,"Hayward, CA   ?",,
5797,Oct-87,"Hayward, CA   ?",,
5798,Oct-87,"Hayward, CA   ?",,
5799,Oct-87,"Hayward, CA   ?",,
5800,Oct-87,"Hayward, CA   ?",,
5801,Oct-87,"Hayward, CA   ?",,
5802,Oct-87,"Hayward, CA   ?",,
5803,Oct-87,"Hayward, CA   ?",,
5804,Oct-87,"Hayward, CA   ?",,
5805,Oct-87,"Hayward, CA   ?",,
5806,Oct-87,"Hayward, CA   ?",,
5807,Oct-87,"Hayward, CA   ?",,
5808,Oct-87,"Hayward, CA   ?",,
5809,Oct-87,"Hayward, CA   ?",,
5810,Oct-87,"Hayward, CA   ?",,
5811,Oct-87,"Hayward, CA   ?",,
5812,Oct-87,"Hayward, CA   ?",,
5813,Oct-87,"Hayward, CA   ?",,
5814,Oct-87,"Hayward, CA   ?",,
5815,Oct-87,"Hayward, CA   ?",,
5816,Oct-87,"Hayward, CA   ?",,
5817,Nov-87,,Berkley Botanical Garden,
5818,Nov-87,Berkley Botanical Garden  ?,,
5819,Nov-87,Berkley Botanical Garden  ?,,
5820,Nov-87,Berkley Botanical Garden  ?,,
5821,Nov-87,Berkley Botanical Garden  ?,,X
5822,Nov-87,,,X
5823,Nov-87,,,X
5824,Nov-87,,,X
5825,Nov-87,,,X
5826,Nov-87,,,X
5827,Nov-87,,,X
5828,Nov-87,,,X
5829,Nov-87,,,X
5830,Mar-88,,,X
5831,Mar-88,,fall 87,X
5832,Mar-88,,,X
5833,Mar-88,,,X
5834,Mar-88,,,X
5835,Mar-88,,,X
5836,Mar-88,,,X
5837,Mar-88,,,X
5838,Mar-88,,,X
5839,Mar-88,,,X
5840,Mar-88,,,X
5841,Mar-88,,,X
5842,Mar-88,,,X
5843,Mar-88,,,X
5844,Mar-88,,,X
5845,Mar-88,,,X
5846,Mar-88,,,X
5847,Mar-88,,,X
5848,Mar-88,,,X
5849,Mar-88,,,X
5850,Mar-88,,,X
5851,Mar-88,,,X
5852,Mar-88,,,X
5853,Mar-88,,,X
5854,Mar-88,,,X
5855,Mar-88,,,X
5856,Mar-88,,Seattle Japanese Garden,
5857,Mar-88,Seattle Japanese Garden,,
5858,Mar-88,Seattle Japanese Garden,,
5859,Mar-88,Seattle Japanese Garden,,
5860,Mar-88,Seattle Japanese Garden,,
5861,Mar-88,Seattle Japanese Garden,,X
5862,Dec-87,,XXXXX,X
5863,Dec-87,,,X
5864,Dec-87,,,X
5865,Dec-87,,,X
5866,Dec-87,,XX ,X
5867,Dec-87,,XXX ,X
5868,Dec-87,,,X
5869,Dec-87,,,X
5870,Dec-87,,,X
5871,Dec-87,,,X
5872,Dec-87,,,X
5873,Dec-87,,,X
5874,Dec-87,,,X
5875,Dec-87,,,X
5876,Dec-87,,XX,X
5877,Dec-87,,XXX,X
5878,Dec-87,,,X
5879,Dec-87,,,X
5880,Dec-87,,,X
5881,Dec-87,,XX,X
5882,Dec-87,,,X
5883,Dec-87,,,X
5884,Dec-87,,,X
5885,Dec-87,,XX,X
5886,Dec-87,,XXX,X
5887,Feb-88,,,X
5888,Feb-88,,,X
5889,Feb-88,,,X
5890,Feb-88,,,X
5891,Feb-88,,,X
5892,Feb-88,,,X
5893,Feb-88,,,X
5894,Feb-88,,,X
5895,Feb-88,,,X
5896,Feb-88,,,X
5897,Feb-88,,,X
5898,Feb-88,,,X
5899,Feb-88,,,X
5900,Feb-88,,,X
5901,Feb-88,,,X
5902,Feb-88,,,X
5903,Feb-88,,,X
5904,Feb-88,,,X
5905,Mar-88,,,X
5906,Mar-88,,,X
5907,Mar-88,,,X
5908,Mar-88,,,X
5909,Mar-88,,,X
5910,Mar-88,,,X
5911,Mar-88,,,X
5912,Mar-88,,,X
5913,Mar-88,,Natural 'waterscape' garden,X
5914,Mar-88,,,X
5915,Mar-88,,,X
5916,Mar-88,,,X
5917,Mar-88,,,X
5918,Feb-88,,,X
5919,Feb-88,,,X
5920,Feb-88,,,X
5921,Feb-88,,,X
5922,Feb-88,,,X
5923,Feb-88,,,X
5924,Feb-88,,,X
5925,Feb-88,,,X
5926,Feb-88,,,X
5927,Feb-88,,,X
5928,Feb-88,,,X
5929,Feb-88,,,X
5930,Feb-88,,,X
5931,Feb-88,,,X
5932,Feb-88,,,X
5933,Feb-88,,,X
5934,Feb-88,,,X
5935,Feb-88,,,X
5936,Feb-88,,,X
5937,Feb-88,,,X
5938,Feb-88,,,X
5939,Feb-88,,,X
5940,Feb-88,,,X
5941,Feb-88,,,X
5942,Feb-88,,,X
5943,Feb-88,,pavilion,X
5944,Feb-88,,Natural garden,X
5945,Feb-88,,,X
5946,Feb-88,,,X
5947,Feb-88,,walkway to lower garden,X
5948,Feb-88,,,X
5949,Feb-88,,,X
5950,Feb-88,,,X
5951,Feb-88,,,X
5952,Feb-88,,,X
5953,Feb-88,,,X
5954,Feb-88,,,X
5955,Feb-88,,,X
5956,Feb-88,,,X
5957,Feb-88,,,X
5958,Feb-88,,,X
5959,Feb-88,,,X
5960,Feb-88,,,X
5961,Feb-88,,,X
5962,Feb-88,,,X
5963,Feb-88,,,X
5964,Mar-88,,,X
5965,Mar-88,,,X
5966,Mar-88,,,X
5967,Mar-88,,,X
5968,May-88,,,X
5969,Mar-88,,,X
5970,Mar-88,,,X
5971,Mar-88,,,X
5972,Mar-88,,,X
5973,Mar-88,,,X
5974,Mar-88,,,X
5975,Mar-88,,,X
5976,Mar-88,,,X
5977,Mar-88,,,X
5978,Mar-88,,,X
5979,Mar-88,,,X
5980,Mar-88,,,X
5981,Mar-88,,,X
5982,Mar-88,,,X
5983,Mar-88,,,X
5984,Mar-88,,,X
5985,Mar-88,,,X
5986,Mar-88,,Postcard 1991,X
5987,Mar-88,,,X
5988,Mar-88,,,X
5989,Mar-88,,,X
5990,Mar-88,,,X
5991,Mar-88,,,X
5992,Mar-88,,,X
5993,Mar-88,,,X
5994,Mar-88,,,X
5995,Mar-88,,,X
5996,Mar-88,,,X
5997,Mar-88,,,X
5998,Mar-88,,,X
5999,Mar-88,,,X
6000,Feb-88,,,X
